상품,,,
상품 ID,이름,가격,
LIAO,배,"4,000원",
HBLS,보리차,600원,
GG7X,검은콩두유,"1,200원",
GW4E,단호박,"2,000원",
1D47,오트밀,"3,000원",
PGFA,블루베리조각치즈케익,"2,200원",
NL1G,딸기잼,"6,900원",
X1Y6,돼지감자,"4,000원",
8JYZ,우유,"1,900원",
5C8T,연유,"2,800원",
4HV8,요구르트,500원,
4XIP,초콜렛맛아이스크림,800원,
PORH,바닐라맛아이스크림,800원,
CH2B,딸기맛아이스크림,800원,
BMOQ,휘핑크림,"2,000원",
L2C7,치즈,"3,000원",
WKL0,메밀소바,"5,500원",
JMW3,우육탕,900원,
IRI9,튀김우동,770원,
S76Q,가다랑어,"2,500원",
DPFI,가자미,"3,000원",
0IQM,고등어,"2,000원",
YWCR,한라봉,"1,200원",
HB8H,레몬,500원,
S3H9,바나나,600원,
FWSD,무화과,800원,
E0EI,멜론,"1,200원",
OG29,블루베리,"3,000원",
98BR,복숭아,700원,
W1MV,살구,800원,
U68A,껌,900원,
4MWR,꿀,"4,000원",
G35J,달걀,"5,000원",
36GD,감자볶음,"2,300원",
2BST,떡볶이,"3,200원",
BHQ9,잡채,"2,800원",
N9P2,닭갈비,"4,800원",
K2A5,주꾸미볶음,"5,200원",
I7MB,초고추장,"1,700원",
INKS,와사비,"2,500원",
4EJK,라면스프,"1,500원",
R74O,느타리버섯,"1,900원",
PCGT,팽이버섯,800원,
ZSEA,양송이버섯,"1,300원",
BAD3,땅콩,"2,100원",
7CO6,밤,"3,300원",
6HAC,코코넛밀크,"1,600원",
6N8T,제로콜라,"1,500원",
RF7L,사이다,"1,400원",
E8IP,남성 기능성 티셔츠,"7,000원",
NKCQ,남성 기능성 티셔츠,"7,000원",
JDMU,남성 기능성 티셔츠,"7,000원",
IH9Z,남성 기능성 티셔츠,"7,000원",
IX6G,여성 기능성 티셔츠,"7,000원",
3F68,여성 기능성 티셔츠,"7,000원",
QIGC,여성 기능성 티셔츠,"7,000원",
PN2I,여성 기능성 티셔츠,"7,000원",
Z308,기모 레깅스,"10,900원",
ALZ0,기모 레깅스,"10,900원",
7EAU,기모 레깅스,"10,900원",
5IWA,기모 레깅스,"10,900원",
6YKR,남아용 내복,"8,900원",
RQTJ,남아용 내복,"8,900원",
EJ4D,남아용 내복,"8,900원",
COQS,여아용 내복,"8,900원",
M4E9,여아용 내복,"8,900원",
YLN1,여아용 내복,"8,900원",
LOY5,여성 기모 바지,"12,900원",
JTKB,여성 기모 바지,"12,900원",
T98R,여성 기모 바지,"12,900원",
FRHK,남성 기모 바지,"12,900원",
2KSN,남성 기모 바지,"12,900원",
0YET,남성 기모 바지,"12,900원",
A42A,융기모 맨투맨,"19,900원",
MWB2,융기모 맨투맨,"19,900원",
9PM6,융기모 맨투맨,"19,900원",
7U8B,밴딩 슬랙스,"18,900원",
HAW2,밴딩 슬랙스,"18,900원",
215L,밴딩 슬랙스,"18,900원",
PUFO,남아 삼각속옷,"9,900원",
OZ23,남아 삼각속옷,"9,900원",
YFQK,남아 삼각속옷,"9,900원",
9XYD,남아 삼각속옷,"9,900원",
W097,여아 삼각속옷,"9,900원",
V4MM,여아 삼각속옷,"9,900원",
5BJ3,여아 삼각속옷,"9,900원",
G2JV,여아 삼각속옷,"9,900원",
DV3Z,천연펄프 키친타월,"4,000원",
C0G4,손소독 티슈,"1,000원",
CGDL,알로에 물티슈,"1,000원",
X7DE,생생 김치통,"8,900원 ",
K1XH,스텐 김치통,"25,200원",
J59N,보온 도시락,"25,130원",
SL74,듀얼 캡 양념병 ,"1,590원",
436W,글라스락 핸디 ,"13,450원",
16H0,오븐글라스,"4,890원",
ZA35,스파우트 물병,"5,890원",
ZH1M,실리콘 유리 물병,"3,990원",
L80E,그리픽스 지우개 ,900원,
81BI,당근친구들 연필세트,"3,000원",
,,,
